,id,tags,lonlat,amenity_name,office_type
0,901164841,"{'garmin_type': '0x2c05', 'name': 'Sekolah Indo Global', 'office': 'educational_institution', 'source': 'Batam Mapping Project'}","(104.0505541, 1.1226168999999966)",,educational_institution
1,1883503093,"{'name': 'Rektorat Udinus', 'office': 'educational_institution'}","(110.40935239999993, -6.982834999999996)",,educational_institution
2,1942370474,"{'name': 'KPN Language School', 'office': 'educational_institution', 'alt_name': 'Kursus Pembina Nusantara', 'addr:street': 'Jl. Hasanuddin', 'addr:postcode': '28141', 'addr:housenumber': '62'}","(101.45198269999989, 0.532938000000005)",,educational_institution
3,2359619141,"{'name': 'PGRI Bayongbong', 'office': 'educational_institution'}","(107.82035400000011, -7.269987000000014)",,educational_institution
4,2634721316,{'office': 'educational_institution'},"(110.37290940000027, -7.927551199999995)",,educational_institution
5,2727455237,"{'name': 'PT. Mitra Mandiriusaha (Mitra Plus Counsultan)', 'office': 'educational_institution'}","(98.69571260000008, 3.5370878999999946)",,educational_institution
6,3101692301,"{'name': 'LP3I', 'office': 'educational_institution', 'building': 'yes'}","(101.45734589999994, 0.4930793000000009)",,educational_institution
7,3139494669,"{'ele': '3', 'name': 'Universitas Nusantara PGRI Kediri', 'office': 'educational_institution', 'addr:street': 'Jl. KH Ahmad Dahlan'}","(112.00292470000022, -7.8000547999999785)",,educational_institution
8,3213649584,"{'addr:city': 'Bengkalis', 'addr:postcode': '28752', 'addr:street': 'Jl. Ahmad Yani', 'name': 'YPPI', 'office': 'educational_institution'}","(102.11337260000002, 1.4742778999999961)",,educational_institution
9,3229602514,"{'name': 'Eduprana', 'office': 'educational_institution', 'addr:city': 'Palangkaraya', 'addr:street': 'Jalan D.I. Panjaitan No.1', 'addr:postcode': '73112', 'addr:housenumber': 'Gedung Batang Garing lantai 2'}","(113.91772799999998, -2.2072256000000072)",,educational_institution
10,3235822772,"{'name': 'Akbid Internasional', 'office': 'educational_institution', 'addr:city': 'pekanbaru', 'addr:street': 'Jalan Jenderal Sudirman', 'addr:postcode': '28128', 'addr:housenumber': '630'}","(101.45309869999997, 0.4999170999999995)",,educational_institution
11,3235933546,"{'name': 'Bimbel excellent Pekanbaru', 'office': 'educational_institution', 'source': 'Koran Riau', 'addr:city': 'PEKANBARU', 'addr:street': 'Jl. KHRudin Nasution', 'addr:postcode': '28284', 'addr:housename': 'Bimbel excellent Pekanbaru', 'addr:housenumber': 'No 52'}","(101.45452039999998, 0.46683809999999887)",,educational_institution
12,3235956942,"{'name': 'AMIK MAHAPUTRA', 'office': 'educational_institution', 'addr:city': 'Pekanbaru'}","(101.44655159999998, 0.5323754999999996)",,educational_institution
13,3561078497,"{'name': 'BRITON', 'office': 'educational_institution'}","(119.4376255000002, -5.153491799999995)",,educational_institution
14,3561435296,"{'name': 'TK SIPTA MURNI', 'office': 'educational_institution'}","(119.45132620000015, -5.1695434)",,educational_institution
15,3563676260,"{'name': 'PKMB SALSABILAH', 'office': 'educational_institution'}","(119.44477320000031, -5.172981499999991)",,educational_institution
16,3587339011,"{'name': 'PHINISI MENGEMUDI', 'office': 'educational_institution'}","(119.45258359999997, -5.172242499999977)",,educational_institution
17,3727132572,"{'name': 'Geografi FMIPA UNM', 'office': 'educational_institution', 'addr:city': 'Makassar', 'addr:street': 'Jalan Malengkeri', 'addr:postcode': '90224'}","(119.42885409999951, -5.18609279999996)",,educational_institution
18,3762120294,"{'name': 'SDN 3 Ciporang', 'office': 'educational_institution', 'opening_hours': '07:00-15:00'}","(108.50544480000015, -6.9679493)",,educational_institution
19,3801705132,"{'name': 'Pelatihan Menjahit Yayasan Ponda', 'office': 'educational_institution'}","(106.96375530000036, -6.09447259999994)",,educational_institution
20,3801705135,"{'name': 'Rumah Belajar Scott Thompson', 'office': 'educational_institution'}","(106.96390060000036, -6.09442849999994)",,educational_institution
21,3878633863,"{'name': 'PGRI/UPTD,GOR Kec. Tegalwaru', 'office': 'educational_institution', 'addr:city': 'Karawang'}","(107.22699309999983, -6.512140200000003)",,educational_institution
22,3889891542,"{'name': 'Lembaga Bimbingan Belajar Primagama', 'office': 'educational_institution', 'addr:city': 'Yogyakarta', 'addr:street': 'Jalan Kusumanegara'}","(110.38821250000028, -7.802105500000011)",,educational_institution
23,3923583604,"{'name': 'SDIT Al Ummah', 'office': 'educational_institution'}","(112.22384260000008, -7.547903800000004)",,educational_institution
24,4115777887,"{'addr:city': 'Yogyakarta', 'addr:housenumber': '3', 'addr:street': 'Jalan Sagan Selatan', 'name': 'Institut Français Indonesia - Lembaga Indonesia Perancis (IFI-LIP)', 'office': 'educational_institution', 'website': 'http://www.ifi-id.com/fr/yogyakarta'}","(110.37752260000053, -7.780937000000015)",,educational_institution
25,4146175628,"{'addr:city': 'Tuban', 'addr:housenumber': '2', 'addr:postcode': '62318', 'addr:street': 'Jalan WR Supratman', 'name': 'SMA Negeri 1 Tuban', 'office': 'educational_institution'}","(112.06885940000016, -6.901346299999959)",,educational_institution
26,4146201696,"{'name': 'PPPPTK Seni dan Budaya', 'office': 'educational_institution'}","(110.4271504, -7.700724)",,educational_institution
27,4150749709,"{'name': 'Perbanas Institute', 'office': 'educational_institution', 'addr:city': 'South Jakarta', 'addr:street': 'Jl. Perbanas', 'addr:postcode': '12940', 'addr:housenumber': 'Rt 04/04'}","(106.82843790000008, -6.217314900000009)",,educational_institution
28,4178003189,"{'name': 'LPBB LIA', 'office': 'educational_institution', 'addr:street': 'Jalan Ahmad Yani', 'addr:housenumber': '149'}","(101.44226310000045, 0.5229640000000231)",,educational_institution
29,4179944659,"{'name': 'Siki Bali', 'phone': '+62 361 226314', 'office': 'educational_institution', 'website': 'siki-bali.com', 'addr:city': 'Dangin Puri Klod, Denpasar, Bali', 'addr:street': 'Jl. Jaya Giri', 'addr:postcode': '80234'}","(115.22739990000015, -8.663538500000012)",,educational_institution
30,4191000113,"{'name': 'Kumon Ngagel', 'office': 'educational_institution', 'addr:city': 'Baratajaya, Gubeng, Kota SBY, Jawa Timur, Indonesia', 'addr:street': 'Jl. Ngagel Tama', 'addr:postcode': '60284', 'addr:housenumber': '81'}","(112.7574233000001, -7.293207200000015)",,educational_institution
31,4191135689,"{'name': 'Lembaga Pendidikan Ar Rayyan', 'office': 'educational_institution', 'addr:city': 'Ujung, Semampir, Kota Surabaya, Jawa Timur', 'addr:street': 'Jalan Benteng', 'addr:postcode': '60155', 'addr:housenumber': '20'}","(112.73917260000002, -7.2242511999999985)",,educational_institution
32,4191249893,"{'name': 'Chinalink Institute', 'office': 'educational_institution', 'addr:city': 'Ketabang, Genteng Surabaya', 'addr:street': 'Jl. Kusuma Bangsa', 'addr:postcode': '60272', 'addr:housenumber': 'No.74 A'}","(112.75078450000011, -7.25681600000003)",,educational_institution
33,4192747938,"{'name': 'SSC Kacapiring', 'office': 'educational_institution', 'addr:city': 'Ketabang, Genteng, Surabaya', 'addr:street': 'Jalan Kaca Piring', 'addr:postcode': '60272', 'addr:housenumber': 'No 4-8'}","(112.75054520000046, -7.259864600000002)",,educational_institution
34,4192749786,"{'name': 'SSC Pandan', 'office': 'educational_institution', 'addr:city': 'Ketabang, Genteng, Surabaya', 'addr:street': 'Jalan Pandan', 'addr:postcode': '60272'}","(112.75042700000046, -7.258777700000001)",,educational_institution
35,4192837445,"{'name': 'Double Eight (88) English', 'office': 'educational_institution', 'addr:city': 'Gubeng, Surabaya', 'addr:street': 'Jl. Raya Gubeng', 'addr:postcode': '60281', 'addr:housenumber': 'No. 19-21'}","(112.74965040000048, -7.270926700000015)",,educational_institution
36,4192957514,"{'name': 'EF English First - Surabaya Jemursari', 'office': 'educational_institution', 'addr:city': 'Jemur Wonosari, Surabaya', 'addr:street': 'Jl. Raya Jemur Sari', 'addr:postcode': '60237', 'addr:housenumber': 'No.76'}","(112.74270670000041, -7.323507400000016)",,educational_institution
37,4192963935,"{'name': 'EF Villa Bukit Mas', 'office': 'educational_institution', 'addr:city': 'Dukuh Pakis, Surabaya', 'addr:street': 'Jl. Abdul Wahab Siamin', 'addr:postcode': '60225', 'addr:housenumber': 'No. 22'}","(112.7072875000004, -7.297514500000016)",,educational_institution
38,4193018156,"{'name': 'Embassy English Centre', 'office': 'educational_institution', 'addr:city': 'Embong Kaliasin, Genteng, Surabaya, Surabaya, East Java', 'addr:street': 'Jalan Pemuda 33-37', 'addr:postcode': '60271', 'addr:housenumber': 'Ruko Shop House Blok C no 12-12A'}","(112.74947720000046, -7.263841000000016)",,educational_institution
39,4193093581,"{'name': 'PROSUS INTEN', 'office': 'educational_institution', 'addr:city': 'Ketabang, Kota SBY, Jawa Timur, Indonesia', 'addr:street': 'Jl. Ambengan', 'addr:postcode': '60272', 'addr:housenumber': '31 - 33'}","(112.74783670000045, -7.255791400000015)",,educational_institution
40,4210681698,"{'name': 'Mts Al-Muttaqin', 'office': 'educational_institution'}","(101.36945789999996, 0.4634258999999887)",,educational_institution
41,4242303603,"{'name': 'Pertamina Maritime Training Centre', 'office': 'educational_institution', 'addr:city': 'East Jakarta', 'addr:street': 'Jalan Pemuda, Rawamangun,', 'addr:postcode': '13220', 'addr:housenumber': '44'}","(106.89884950000027, -6.193363599999991)",,educational_institution
42,4242325928,"{'addr:city': 'Cikini, Menteng, Central Jakarta', 'addr:postcode': '10330', 'addr:street': 'Jalan RP Suroso No.6', 'name': 'Euro Management Indonesia', 'office': 'educational_institution'}","(106.83604910000025, -6.18831929999999)",,educational_institution
43,4242708174,"{'addr:city': 'Depok', 'addr:postcode': '16425', 'addr:street': 'Jl. Prof. Dr. G.A Siwabessy', 'name': 'Politeknik Negeri Jakarta', 'office': 'educational_institution'}","(106.82446140000003, -6.369862200000042)",,educational_institution
44,4243791464,"{'name': 'Kementerian Kesehatan Poltekkes Kemenkes Jakarta III', 'office': 'educational_institution', 'addr:city': 'Bekasi', 'addr:street': 'Jl. Arteri Jorr Jatiwarna, Jatiwarna, Pondokmelati', 'addr:postcode': '17415'}","(106.92648759999982, -6.30955750000003)",,educational_institution
45,4243980097,"{'name': 'Pusdik Lantas Polri', 'office': 'educational_institution', 'addr:city': 'South Tangerang', 'addr:street': 'Jl. Bhayangkara, Paku Jaya, Serpong Utara', 'addr:postcode': '15324', 'addr:housenumber': '1'}","(106.66662329999959, -6.23958259999998)",,educational_institution
46,4305760579,"{'name': ""Rumah Tahfizh Darul Qur'an ISTIQOMAH"", 'office': 'educational_institution'}","(114.77496959999934, -3.8009149999999585)",,educational_institution
47,4329531487,"{'name': 'Bandung Education Center', 'office': 'educational_institution', 'addr:city': 'Bandung', 'addr:street': 'Jl. Pahlawan , Neglasari, Cibeunying Kaler', 'addr:housenumber': '78'}","(107.635371, -6.893716999999999)",,educational_institution
48,4590296617,"{'name': 'sd Muhammadiyah', 'office': 'educational_institution'}","(110.40554059999967, -7.761606499999989)",,educational_institution
49,4658296430,"{'name': 'MI Kragan', 'level': '0', 'office': 'educational_institution', 'building': 'yes', 'wheelchair': 'designated', 'addr:street': 'Ambrali', 'opening_hours': '08:30-12:30'}","(112.74497689999964, -7.409887300000011)",,educational_institution
50,4662932124,"{'name': 'SMAN Ngrambe', 'level': '0', 'office': 'educational_institution', 'opening_hours': '7:00 - 14:00'}","(111.21540880000026, -7.46206829999999)",,educational_institution
51,4774291317,"{'access:roof': 'no', 'addr:full': 'Noemeto', 'building': 'office', 'building:levels': '1', 'building:roof': 'tin', 'building:structure': 'unreinforced_masonry', 'building:walls': 'wood', 'capacity': '1', 'name': 'Saung Poktan Bersaudara', 'office': 'educational_institution'}","(124.28441049999996, -9.869232099999993)",,educational_institution
52,4802200449,"{'addr:city': 'Lumajang', 'addr:street': 'Jalan Bengawan Solo', 'name': 'SMP Al Ikhlas', 'office': 'educational_institution'}","(113.23321659999982, -8.137422700000009)",,educational_institution
53,4969464680,"{'name': 'Sekolah Perikanan', 'office': 'educational_institution'}","(106.78623019999998, -6.613960500000002)",,educational_institution
54,5102382625,"{'name': 'SMP', 'office': 'educational_institution'}","(110.95073720000003, -7.602319399999997)",,educational_institution
55,5108675623,"{'name': 'Madrasah Ibtidaiyah Muhammadiyah Pegandekan', 'office': 'educational_institution'}","(109.37057299999988, -7.462810599999971)",,educational_institution
56,5111941392,"{'name': 'Kantor UPTD Pendidikan Cikajang', 'office': 'educational_institution'}","(107.80730560000111, -7.356238800000007)",,educational_institution
57,5309593815,"{'name': ""Pingu's English Pekanbaru"", 'office': 'educational_institution'}","(101.44082409999996, 0.4809880000000063)",,educational_institution
58,5329076686,"{'addr:street': 'Jalan Kinibalu', 'name': 'Primagama Kinibalu', 'office': 'educational_institution'}","(114.58426319999982, -3.3174985000000055)",,educational_institution
59,5332973065,"{'addr:street': 'Jalan Mulawarman', 'name': 'Ganesha Operation Mulawarman', 'office': 'educational_institution'}","(114.58393230000006, -3.3172085999999714)",,educational_institution
60,5352123819,"{'addr:city': 'Bogor', 'addr:street': 'Jl. Melati Raya', 'name': 'Pondok Pesantren Tahfidz Tanbihul Ghofilin', 'office': 'educational_institution'}","(106.80342490000034, -6.499770800000009)",,educational_institution
61,5458064596,"{'addr:city': 'Amuntai', 'addr:housenumber': 'No. 8', 'addr:postcode': '71418', 'addr:street': 'Jl. Negara Dipa', 'email': 'smpn2amuntai@gmail.com', 'name': 'SMP Negeri 2 Amuntai', 'office': 'educational_institution', 'opening_hours': 'Mo-Su 09:00-14:30', 'website': 'smpn2amuntai.blogspot.com'}","(115.24462440000008, -2.4160110000000072)",,educational_institution
62,5595543721,"{'name': 'STIMIKOM', 'office': 'educational_institution'}","(119.38935850000024, -9.62476770000004)",,educational_institution
63,5611380475,"{'addr:city': 'Makassar', 'addr:postcode': '90224', 'addr:street': 'Jalan Malengkeri', 'name': 'Sains Square', 'office': 'educational_institution'}","(119.42930730000023, -5.186049100000017)",,educational_institution
64,5652883446,"{'addr:city': 'Yogyakarta', 'addr:housenumber': '33C', 'addr:street': 'Jalan HOS Cokroaminoto', 'name': 'Lembaga Bimbingan Belajar Primagama', 'office': 'educational_institution'}","(110.35213059999994, -7.798538300000004)",,educational_institution
65,5808216291,"{'addr:city': 'Salatiga', 'addr:housenumber': '77A', 'addr:postcode': '50711', 'addr:street': 'Jalan Diponegoro', 'name': 'Ganesha Operation', 'office': 'educational_institution'}","(110.49657339999979, -7.318614699999967)",,educational_institution
66,5884077577,"{'name': 'SDN 001 Punan Mahkam', 'office': 'educational_institution'}","(116.69923759999999, 2.1991841999999866)",,educational_institution
67,5884094107,"{'name': 'PAUD Punan Mahkam', 'office': 'educational_institution'}","(116.69887530000003, 2.200170099999985)",,educational_institution
68,5884178102,"{'name': 'SD Lama', 'office': 'educational_institution'}","(116.69952729999999, 2.2001815999999854)",,educational_institution
69,5892179375,"{'name': 'SDN 005 Gunung Tabur, Merancang Ilir', 'office': 'educational_institution'}","(117.67958080000024, 2.20143290000002)",,educational_institution
70,5897591837,"{'name': 'Kumon', 'office': 'educational_institution'}","(112.76588200000012, -7.278785699999995)",,educational_institution
71,5897591840,"{'name': 'Rhapsody Music School', 'office': 'educational_institution'}","(112.76593030000012, -7.278445199999994)",,educational_institution
72,5897591867,"{'name': 'Xinrong Chinese Language Center', 'office': 'educational_institution'}","(112.76460260000012, -7.280105399999994)",,educational_institution
73,5939145859,"{'name': 'tk bunda kreatif', 'office': 'educational_institution'}","(101.47744599999993, 1.6661249999999974)",,educational_institution
74,5939147690,"{'name': 'kantin sekolah', 'office': 'educational_institution'}","(101.4768980999999, 1.6663005999999951)",,educational_institution
75,5939147691,"{'name': 'kantor', 'office': 'educational_institution'}","(101.4768216999999, 1.6663522999999951)",,educational_institution
76,5939147692,"{'name': 'ruangan kelas', 'office': 'educational_institution'}","(101.47670839999991, 1.666456099999995)",,educational_institution
77,5939147715,"{'name': 'ruangan kelas', 'office': 'educational_institution'}","(101.4771374999999, 1.6663850999999954)",,educational_institution
78,6114325393,"{'addr:city': 'Kediri', 'addr:housenumber': '6', 'addr:street': 'Jalan Trust Puring', 'name': 'TRUST English School', 'office': 'educational_institution', 'opening_hours': 'Mo-Sa 08:00-16:00'}","(112.19400539999995, -7.758724999999989)",,educational_institution
79,6129947133,"{'name': 'Renata BIMBEL', 'office': 'educational_institution'}","(110.82729940000007, -7.563057399999998)",,educational_institution
80,6165335823,"{'addr:city': 'Banyubiru', 'addr:street': 'Tegalwuni', 'name': 'SMP PGRI Banyubiiru', 'office': 'educational_institution'}","(110.40872250000002, -7.290725299999998)",,educational_institution
81,6212280879,"{'name': 'SDN Sepakung III', 'office': 'educational_institution'}","(110.40788299999964, -7.339375199999976)",,educational_institution
82,6274564446,"{'addr:city': 'DKI Jakarta', 'addr:housenumber': '117', 'addr:postcode': '10310', 'addr:street': 'Jalan HOS Cokroaminoto', 'name': 'Istituto Italiano di Cultura', 'office': 'educational_institution'}","(106.82830649999977, -6.2020775999999955)",,educational_institution
83,6281177486,"{'name:en': 'Intensive English Course', 'office': 'educational_institution', 'phone': '+62217507330'}","(106.79504459999998, -6.290560899999997)",,educational_institution
84,6285125886,"{'name:en': 'Kumon', 'office': 'educational_institution', 'phone': '+62216626951'}","(106.78917330000012, -6.121891100000022)",,educational_institution
85,6327275235,"{'name': 'Crog Robotics', 'office': 'educational_institution', 'website': 'croginternational.com'}","(110.36413540000028, -7.7781725999999765)",,educational_institution
86,6328537641,"{'name': 'SDIT Aliya', 'office': 'educational_institution'}","(106.75040519999948, -6.571074599999997)",,educational_institution
87,6332415161,"{'addr:city': 'Simpang Selayang', 'addr:housenumber': '96', 'addr:postcode': '20135', 'addr:street': 'Jalan Bunga Raya', 'name': 'Lembaga Penjamin Mutu Pendidikan Kampus 2', 'name:en': 'Institute for Education Quality Assurance', 'office': 'educational_institution'}","(98.61294439999993, 3.5549914999999945)",,educational_institution
88,6694956521,"{'name': 'Ganesha Operation', 'office': 'educational_institution'}","(114.58976439999985, -3.3152829000000072)",,educational_institution
89,6723413598,"{'name': 'Great English Course (GEC)', 'office': 'educational_institution'}","(96.83309259999999, 3.742316000000022)",,educational_institution
90,6723472322,"{'addr:city': 'Dames Damai', 'addr:housenumber': 'Buniara', 'addr:postcode': '83659', 'addr:street': 'Jalan Pendidikan', 'name': 'SDN Dames Damai', 'office': 'educational_institution'}","(116.54019359999988, -8.631443199999985)",,educational_institution
91,6723484892,"{'addr:city': 'Dames Damai', 'addr:housenumber': 'Dames', 'addr:postcode': '83659', 'addr:street': 'Jalan Pendidikan', 'name': 'Yayasan Daruttholibin NW Dames', 'office': 'educational_institution'}","(116.54329309999987, -8.633414099999992)",,educational_institution
92,6723512908,"{'name': 'PAUD Tunggal Ate', 'office': 'educational_institution'}","(116.54959020000015, -8.632872899999999)",,educational_institution
93,6728761833,"{'name': 'inten', 'office': 'educational_institution'}","(106.63143460000002, -6.175326)",,educational_institution
94,6728761834,"{'name': 'GANESHA OPERATION DAAN MOGOT', 'office': 'educational_institution'}","(106.63060390000003, -6.1733073)",,educational_institution
95,6728777003,"{'name': 'GANESHA OPERATION DAAN MOGOT', 'office': 'educational_institution'}","(106.63057230000008, -6.173309200000022)",,educational_institution
96,7027516372,"{'addr:city': 'Depok', 'addr:housenumber': '52A', 'addr:postcode': '16422', 'addr:street': 'Jalan Karet Hijau', 'name': 'SDIT Darul Abidin', 'office': 'educational_institution'}","(106.82003749999956, -6.381714300000007)",,educational_institution
97,113537256,"{'name': 'Kantor Arsip Universitas Indonesia', 'office': 'educational_institution', 'building': 'yes'}","(1287192292, 1287192280, 1287192283, 1287192281, 1287192292)",,educational_institution
98,122890617,"{'name': 'Lembaga Bimbingan Belajar Ganesha Operation', 'office': 'educational_institution', 'building': 'yes', 'addr:street': 'Jalan Abu Bakar Ali', 'building:use': 'education', 'building:roof': 'tile', 'building:walls': 'brick', 'building:levels': '2', 'building:structure': 'unreinforced_masonry'}","(1371787287, 1371787284, 1371787285, 1371787286, 1371787287)",,educational_institution
99,151294681,"{'building': 'yes', 'name': 'LBPP LIA Margonda Depok', 'office': 'educational_institution', 'source': 'Yahoo'}","(1641167658, 1641168147, 1641168232, 1641168116, 1641167873, 1641168165, 1641167658)",,educational_institution
100,155953457,"{'addr:city': 'DKI Jakarta', 'addr:full': 'Jalan Bujana Tirta 4', 'addr:postcode': '13220', 'name': 'Pusat Pendidikan dan Pelatihan Bea Cukai', 'office': 'educational_institution'}","(1682873969, 1682873970, 1682873991, 1682873992, 1682873969)",,educational_institution
101,155957052,"{'access:roof': 'no', 'backup_generator': 'yes', 'building': 'office', 'building:condition': 'good', 'building:floor': 'ceramics', 'building:levels': '2', 'building:roof': 'tile', 'building:structure': 'reinforced_masonry', 'building:walls': 'brick', 'capacity:persons': '250-500', 'name': 'Kumon Indonesia', 'office': 'educational_institution'}","(4789252852, 4789252853, 4789252855, 4789252854, 1682903862, 1682903857, 1682903849, 1682903852, 4789252852)",,educational_institution
102,157368454,"{'access:roof': 'no', 'addr:full': 'Jalan Manggarai Utara V', 'backup_generator': 'no', 'building': 'yes', 'building:condition': 'good', 'building:floor': 'ceramics', 'building:levels': '1', 'building:roof': 'tile', 'building:structure': 'confined_masonry', 'building:walls': 'brick', 'capacity:persons': '100-250', 'evacuation_center': 'no', 'name': 'Yayasan Musik', 'office': 'educational_institution', 'operator:type': 'private'}","(1695872629, 1695872562, 1695872546, 4815285421, 1695872567, 4815285422, 1695872574, 1695872588, 1695872626, 1695872647, 1695872629)",,educational_institution
103,191680207,"{'addr:street': 'Jalan Krasak', 'building': 'yes', 'name': 'Lembaga Bimbingan Belajar Ganesha Operation', 'office': 'educational_institution'}","(2022684522, 2022684530, 2022684556, 4744041820, 4744041819, 2022684552, 2022684522)",,educational_institution
104,195868582,"{'building': 'yes', 'name': 'Fakultas Bahasa dan Sastra', 'office': 'educational_institution'}","(2062784534, 2062784583, 2062784581, 2062784529, 2062784534)",,educational_institution
105,195869048,"{'building': 'yes', 'name': 'Fakultas Seni dan Desain', 'office': 'educational_institution'}","(2062784588, 2062784598, 2062784596, 2062784587, 2062784588)",,educational_institution
106,195869266,"{'building': 'yes', 'name': 'Fakultas Teknik', 'office': 'educational_institution'}","(2062784346, 2062784365, 2062784477, 2062784446, 2062784346)",,educational_institution
107,288118105,"{'name': 'SD & SMP Citra Madinatul Ilmi', 'office': 'educational_institution'}","(2916593611, 2916593612, 2916593613, 2916593614, 2916593611)",,educational_institution
108,290635082,"{'name': 'SD Mlati', 'office': 'educational_institution'}","(2941458318, 2941458319, 2941458320, 2941458321, 2941458322, 2941458323, 2941458318)",,educational_institution
109,299099511,"{'name': 'Kantor Satuan Penjaminan Mutu', 'office': 'educational_institution', 'building': 'office', 'addr:city': 'Bandung, Jawa Barat'}","(3030404118, 3030404119, 3030404120, 3030404121, 3030404122, 3030404118)",,educational_institution
110,300410064,"{'name': 'Primagama', 'office': 'educational_institution'}","(3044971615, 3044971616, 3044971617, 3044971618, 3044971621, 3044971622, 3044971615)",,educational_institution
111,308682272,"{'office': 'educational_institution', 'building': 'yes'}","(3139494663, 3139494664, 3139494665, 3139494666, 3139494667, 3139494668, 3139494663)",,educational_institution
112,319959525,"{'name': 'Perguruan Muhammadiyah', 'office': 'educational_institution', 'building': 'yes'}","(3766808933, 3264574770, 3264574771, 3766808940, 3766808933)",,educational_institution
113,352269143,"{'name': 'Lembaga Bimbingan Belajar Neutron', 'office': 'educational_institution', 'building': 'yes', 'addr:city': 'Sleman', 'addr:street': 'Jalan Kaliurang', 'addr:housenumber': '36'}","(3580234256, 3580234251, 3580234253, 3580234259, 3580234256)",,educational_institution
114,356629293,"{'building': 'yes', 'name': 'Sanggar Kegiatan Belajar Kesetnana', 'office': 'educational_institution'}","(3618323296, 3618305874, 3618319782, 3618323513, 3618323125, 3618328498, 3618328506, 3618323319, 3618323296)",,educational_institution
115,362025122,"{'addr:city': 'Yogyakarta', 'addr:housenumber': '12', 'addr:street': 'Jalan Sabirin', 'building': 'yes', 'name': 'Lembaga Bimbingan Belajar Neutron', 'office': 'educational_institution'}","(3664153569, 3664153566, 4739429064, 3664153638, 4739429063, 3664153639, 3869006502, 3664153642, 3664153487, 3869006501, 3869006500, 3664153482, 3664153569)",,educational_institution
116,362025126,"{'addr:city': 'Yogyakarta', 'addr:housenumber': '12', 'addr:street': 'Jalan Sabirin', 'building': 'yes', 'name': 'Lembaga Bimbingan Belajar Neutron', 'office': 'educational_institution'}","(3664153746, 3664153749, 3664153719, 3664153717, 4739429063, 3664153638, 4739429064, 3664153640, 3664153742, 3664153746)",,educational_institution
117,362134508,"{'name': 'Lembaga Bimbingan Belajar Neutron', 'office': 'educational_institution', 'building': 'yes', 'addr:street': 'Jalan Kartini', 'addr:housenumber': '1'}","(3665009445, 3665009280, 3665009316, 3665009456, 3665009445)",,educational_institution
118,363414653,"{'name': 'Lembaga Bimbingan Belajar Primagama', 'office': 'educational_institution', 'building': 'yes', 'addr:street': 'Jalan Nyi Tjondroloekito'}","(3675819720, 3675819653, 3675819654, 3675819723, 3675819720)",,educational_institution
119,363673336,"{'access:roof': 'yes', 'addr:city': 'DKI Jakarta', 'addr:full': 'Jalan Salemba Tengah No. 22', 'amenity': 'college', 'backup_generator': 'no', 'building': 'college', 'building:condition': 'good', 'building:floor': 'ceramics', 'building:levels': '3', 'building:roof': 'tile', 'building:structure': 'confined_masonry', 'building:walls': 'brick', 'capacity:persons': '100-250', 'evacuation_center': 'no', 'name': 'Bina Sarana Informatika', 'office': 'educational_institution', 'operator:type': 'private', 'source': 'HOT_InAWARESurvey_2017'}","(3678329827, 3678329828, 3678329829, 3678329830, 3678329827)",college,educational_institution
120,374832020,"{'name': 'Lembaga Bimbingan Belajar Neutron', 'office': 'educational_institution', 'building': 'yes', 'addr:street': 'Gang Trustha Jumena'}","(3782110263, 3782110264, 3782110265, 3782110266, 3782110263)",,educational_institution
121,376352117,"{'building': 'yes', 'name': 'Universitas Padjadjaran', 'office': 'educational_institution', 'wikidata': 'Q3181122'}","(3797908093, 3797908094, 3797908095, 3797908096, 3797908097, 3797908098, 3797908099, 3797908100, 3797908093)",,educational_institution
122,376352124,"{'name': 'Bimbel Tridaya', 'office': 'educational_institution', 'building': 'yes'}","(3797908129, 3797908130, 3797908131, 3797908132, 3797908129)",,educational_institution
123,383586471,"{'name': 'Lembaga Bimbingan Belajar Neutron', 'office': 'educational_institution', 'building': 'yes', 'addr:street': 'Jalan Affandi', 'addr:housenumber': 'Blok CT X No. 15B'}","(3868694255, 3868694256, 3868694457, 3868694458, 3868694255)",,educational_institution
124,383943793,"{'name': 'Lembaga Bimbingan Belajar Ganesha Operation', 'office': 'educational_institution', 'building': 'yes', 'addr:street': 'Jalan HOS Cokroaminoto'}","(3872468797, 3872468798, 3872468799, 3872468800, 3872468797)",,educational_institution
125,385653551,"{'name': 'Lembaga Bimbingan Belajar Ganesha Operation', 'office': 'educational_institution', 'building': 'yes', 'addr:street': 'Jalan Yos Sudarso'}","(3889881598, 3889881599, 3889881600, 3889881601, 3889881602, 3889881598)",,educational_institution
126,385932624,"{'name': 'Lembaga Bimbingan Belajar Ganesha Operation', 'office': 'educational_institution', 'building': 'yes', 'addr:city': 'Yogyakarta', 'addr:street': 'Jalan Taman Siswa', 'addr:housenumber': '85B'}","(3892715050, 3892715051, 3892715052, 3892715053, 3892715050)",,educational_institution
127,385933264,"{'name': 'Lembaga Bimbingan Belajar Ganesha Operation', 'office': 'educational_institution', 'building': 'yes', 'addr:city': 'Yogyakarta', 'addr:street': 'Jalan RE Martadinata', 'addr:housenumber': '61'}","(3892721473, 3892721474, 3892721475, 3892721476, 3892721477, 3892721478, 3892721473)",,educational_institution
128,396818099,"{'addr:city': 'Toba Samosir', 'addr:postcode': '22381', 'addr:street': 'Jl. Sisingamangaraja Sitoluama-Laguboti', 'amenity': 'school', 'name': 'Institut Teknologi DEL', 'office': 'educational_institution', 'phone': '+62-632-331234/+62-632-331116', 'website': 'http://www.del.ac.id/', 'wikipedia': 'id:Institut Teknologi Del'}","(3996625757, 3996625758, 3996625759, 3996625760, 3996625761, 3996625762, 3996625763, 3996625764, 3996625765, 3996625766, 3996625767, 3996625768, 3996625769, 3996625770, 3996625771, 3996625772, 3996625773, 3996625774, 3996625775, 3996625776, 4159227810, 3996625778, 4159227838, 3996625779, 4159227862, 3996625780, 4159229260, 3996625781, 4159229373, 3996625782, 3996625783, 3996625784, 3996625785, 3996625786, 3996625787, 3996625788, 3996625789, 3996625757)",school,educational_institution
129,403227606,"{'name': 'Karisma Academy', 'office': 'educational_institution', 'building': 'yes', 'addr:full': 'Jl. Watu Gong', 'access:roof': 'no', 'building:roof': 'tile', 'building:walls': 'brick', 'building:levels': '1', 'capacity:persons': '15', 'building:structure': 'plastered'}","(4055969423, 4055969421, 4055969422, 4055969424, 4055969423)",,educational_institution
130,413266640,"{'office': 'educational_institution', 'building': 'yes'}","(4146175263, 4146175264, 4146175265, 4146175266, 4146175267, 4146175268, 4146175269, 4146175270, 4146175263)",,educational_institution
131,413266642,"{'office': 'educational_institution', 'building': 'yes'}","(4146175275, 4146175276, 4146175277, 4146175278, 4146175279, 4146175280, 4146175275)",,educational_institution
132,418289432,"{'name': 'TBI The British Institute Bali', 'office': 'educational_institution', 'building': 'yes', 'addr:city': 'Denpasar', 'addr:street': 'Jl. P.B. Sudirman', 'addr:postcode': '80114', 'addr:housenumber': '6'}","(4187243504, 4187243505, 4187243506, 4187243507, 4187243508, 4187243509, 4187243510, 4187243511, 4187243512, 4187243513, 4187243514, 4187243515, 4187243504)",,educational_institution
133,421263018,"{'building': 'yes', 'name': 'SMA 6 PKU', 'office': 'educational_institution'}","(5572704657, 4210482633, 4210482634, 5572704656, 5572704657)",,educational_institution
134,421263844,"{'building': 'yes', 'name': 'SMP 11 PKU', 'office': 'educational_institution'}","(5572704660, 4210483375, 5572704659, 5572704658, 5572704660)",,educational_institution
135,421287886,"{'building': 'yes', 'name': 'Mts Al-Muttaqin', 'office': 'educational_institution'}","(5572762640, 4210681695, 4210681696, 5572762639, 5572762640)",,educational_institution
136,446034960,"{'name': 'Primagama', 'office': 'educational_institution', 'building': 'yes', 'addr:full': 'Jl. Sarapung', 'access:roof': 'yes', 'building:roof': 'concrete', 'building:walls': 'brick', 'building:levels': '3', 'building:structure': 'reinforced_masonry'}","(4433704529, 4433704526, 4433704523, 4433704520, 4433704517, 4433704521, 4433704522, 4433704529)",,educational_institution
137,446223358,"{'name': 'SKB MALALAYANG', 'office': 'educational_institution'}","(4435490153, 4435490156, 4435489943, 4435490117, 4435490135, 4435490146, 4435490153)",,educational_institution
138,450274729,"{'building': 'yes', 'name': 'SMTK Musafir', 'office': 'educational_institution', 'religion': 'christian', 'school': 'senior high school'}","(5087299780, 4471966421, 4471966423, 4471966424, 5087299781, 5087299780)",,educational_institution
139,450942540,"{'access:roof': 'no', 'addr:full': 'Jalan Ampel Kejeron I no. 2', 'backup_generator': 'no', 'building': 'yes', 'building:condition': 'good', 'building:floor': 'ceramics', 'building:levels': '2', 'building:roof': 'tile', 'building:structure': 'confined_masonry', 'building:walls': 'brick', 'capacity:persons': '50-100', 'name': 'Lembaga Pengajaran Penerjemah Bahasa Arab dan Inggris', 'office': 'educational_institution', 'operator:type': 'community'}","(4478340900, 4478340559, 4478340665, 4478340903, 4478340900)",,educational_institution
140,471659531,"{'bicycle': 'designated', 'foot': 'designated', 'highway': 'path', 'name': 'Kamboja 2', 'office': 'educational_institution', 'oneway': 'no', 'segregated': 'no', 'smoothness': 'intermediate', 'surface': 'unpaved', 'width': '2'}","(4658204937, 4658204936)",,educational_institution
141,479607373,"{'building': 'yes', 'name': 'EduCenter', 'office': 'educational_institution'}","(4726814901, 7351670644, 7351670643, 7351670642, 4726814899, 7351670641, 4726814898, 4726814901)",,educational_institution
142,481722154,"{'addr:city': 'DKI Jakarta', 'addr:housenumber': '20', 'addr:postcode': '10350', 'addr:street': 'Jalan M.H. Thamrin', 'building': 'yes', 'email': 'info@ifi-id.com', 'landuse': 'commercial', 'name': ""Institut Français d'Indonésie"", 'office': 'educational_institution', 'website': 'http://ifi-id.com/', 'wheelchair': 'yes', 'wikidata': 'Q28496321', 'wikipedia': ""fr:Institut français d'Indonésie""}","(4746275682, 4746275683, 4746275687, 4746275686, 4746275682)",,educational_institution
143,483577419,"{'access:roof': 'no', 'addr:city': 'DKI Jakarta', 'addr:full': 'Jalan DR. Sam Ratulangi', 'backup_generator': 'yes', 'building': 'yes', 'building:condition': 'good', 'building:floor': 'ceramics', 'building:levels': '1', 'building:roof': 'tile', 'building:structure': 'confined_masonry', 'building:walls': 'brick', 'capacity:persons': '250-500', 'name': 'Goethe Institut', 'office': 'educational_institution', 'operator:type': 'private', 'source': 'HOT_InAWARESurvey_2017'}","(4763287713, 4763287712, 4763287715, 4763287714, 4763287711, 4763287717, 4763287718, 4763287719, 4763287716, 4763287710, 4763287713)",,educational_institution
144,494976626,"{'building': 'yes', 'name': 'SDN 1 Dukuh', 'office': 'educational_institution'}","(4867559531, 4867559532, 4867559533, 4867559534, 4867559535, 4867559536, 4867559537, 4867559538, 4867559539, 4867559531)",,educational_institution
145,496572552,"{'building': 'yes', 'name': 'Nurul Fikri Akses UI', 'office': 'educational_institution'}","(4882712556, 4882712553, 4882712554, 4882712555, 4882712556)",,educational_institution
146,500044908,"{'access:roof': 'no', 'backup_generator': 'yes', 'building': 'yes', 'building:condition': 'good', 'building:floor': 'ceramics', 'building:levels': '1', 'building:roof': 'tile', 'building:structure': 'confined_masonry', 'building:walls': 'brick', 'capacity:persons': '250-500', 'evacuation_center': 'no', 'name': 'Kantor Yayasan', 'office': 'educational_institution'}","(4912036486, 4912036492, 4912036493, 4912036488, 4912036500, 4912036499, 4912036498, 4912036495, 4912036494, 4912036503, 4912036501, 4912036502, 4912036496, 4912036497, 4912036489, 4912036487, 4912036490, 4912036491, 4912036486)",,educational_institution
147,500082437,"{'access:roof': 'yes', 'addr:full': 'Jalan H Abdul Rahman', 'backup_generator': 'no', 'building': 'office', 'building:condition': 'good', 'building:floor': 'ceramics', 'building:levels': '2', 'building:roof': 'concrete', 'building:structure': 'confined_masonry', 'building:walls': 'concrete', 'capacity:persons': '50-100', 'name': 'Pendidikan & Pelatihan Otomotif Astra', 'note': 'Kerjasama Antara PT Astra Otoparts dengan SMK PGRI 20 Cibubur Jaktim', 'office': 'educational_institution', 'operator:type': 'private'}","(4912303981, 4912303985, 4912303984, 4912303987, 4731417457, 4731417456, 4731417455, 4912303983, 4912303981)",,educational_institution
148,501932122,"{'addr:city': 'DKI Jakarta', 'addr:full': 'Jalan KH Mas Mansyur', 'name': 'Learning Center Bank BTN', 'office': 'educational_institution', 'source': 'HOT_InAWARESurvey_2017'}","(4925739874, 4925739873, 4925739872, 4925739871, 4925739874)",,educational_institution
149,509463819,"{'building': 'yes', 'name': 'SMAN 1 Banyudono', 'office': 'educational_institution'}","(4986869471, 4986869472, 4986869473, 4986869474, 4986869471)",,educational_institution
150,510477679,"{'addr:full': 'RT. 01/19, Mudal, Jl. Damai, Sariharjo, Kec. Sleman, Kabupaten Sleman, Daerah Istimewa Yogyakarta 55581', 'building': 'yes', 'name': 'PeMad International TranSearch PT', 'office': 'educational_institution'}","(4994783414, 4994783413, 4994783412, 4994783411, 4994783414)",,educational_institution
151,524286561,"{'building': 'yes', 'office': 'educational_institution'}","(5102382317, 5102382318, 5102382319, 5102382320, 5102382621, 5102382622, 5102382623, 5102382624, 5102382625, 5102382317)",,educational_institution
152,525071151,"{'building': 'yes', 'name': 'TK Aisyiah Pegandelan', 'office': 'educational_institution'}","(5108675624, 5108675625, 5108675626, 5108675627, 5108675624)",,educational_institution
153,525071377,"{'building': 'yes', 'office': 'educational_institution'}","(5108681438, 5108681439, 5108681440, 5108681441, 5108681442, 5108681443, 5108681438)",,educational_institution
154,525071378,"{'building': 'yes', 'name': 'SD Pegandekan', 'office': 'educational_institution'}","(5108681444, 5108681445, 5108681446, 5108681447, 5108681448, 5108681449, 5108681444)",,educational_institution
155,525477673,"{'building': 'yes', 'name': 'SDN Cikajang 3', 'office': 'educational_institution'}","(5111941402, 5111941403, 5111941404, 5111941405, 5111941402)",,educational_institution
156,525773559,"{'addr:full': 'JL PANGERAN JAYAKARTA LINK. KENANGA', 'building': 'office', 'name': 'PGRI Cilegon', 'office': 'educational_institution'}","(5114302444, 5114302443, 5114302442, 5114302441, 5114302444)",,educational_institution
157,530064202,"{'access:roof': 'no', 'addr:full': 'Jalan Wonosari, Banguntapan, Bantul, Yogyakarta', 'building': 'yes', 'building:levels': '1', 'building:roof': 'tile', 'building:structure': 'unreinforced_masonry', 'building:walls': 'brick', 'capacity': '20', 'name': 'Practice', 'office': 'educational_institution'}","(5148145548, 5148145547, 5148145546, 5148145545, 5148145548)",,educational_institution
158,530572646,"{'name': 'Ganesha Operation', 'office': 'educational_institution'}","(5151941320, 5151941319, 5151941318, 5151941317, 5151941320)",,educational_institution
159,530572649,"{'building': 'residential', 'name': 'Ganesha Operation', 'office': 'educational_institution'}","(5151941424, 5151941423, 5151941422, 5151941421, 5151941424)",,educational_institution
160,535153427,"{'building': 'yes', 'name': 'UPT Pengelolaan Pendidikan Dasar Kecamatan Bantul', 'office': 'educational_institution'}","(5188000726, 5188000725, 5188000724, 5188000723, 5188000726)",,educational_institution
161,535301452,"{'addr:street': 'Jalan Jogja - Solo', 'building': 'yes', 'name': 'Kursus Setir Mobil Gamalia', 'office': 'educational_institution'}","(5188989391, 5188989390, 5188989389, 5188989388, 5188989391)",,educational_institution
162,539353598,"{'building': 'yes', 'name': 'SOLS', 'office': 'educational_institution'}","(5219179640, 5219179641, 5219179642, 5219179643, 5219179640)",,educational_institution
163,542368430,"{'addr:city': 'DKI Jakarta', 'addr:housenumber': '6', 'addr:postcode': '13460', 'addr:street': 'Jalan Malaka Raya', 'building': 'yes', 'name': 'Lembaga Bimbingan Belajar Ganesha Operation', 'office': 'educational_institution', 'opening_hours': 'Mo-Fr 08:00-17:00'}","(5243753210, 5243753211, 5243753212, 5243753213, 5243753210)",,educational_institution
164,543517897,"{'addr:city': 'Sagaranten', 'addr:postcode': '43181', 'addr:street': 'Jalan Cigadog - Baros', 'building': 'yes', 'name': 'Pondok Pesantren Raudhatul Mubarrak', 'office': 'educational_institution'}","(5254254168, 5254254169, 5254254170, 5254254171, 5254254172, 5254254173, 5254254174, 5254254175, 5254254176, 5254254177, 5254254178, 5254254179, 5254254180, 5254254181, 5254254168)",,educational_institution
165,548552078,"{'name': 'SMA Muhammadiyah', 'office': 'educational_institution'}","(5299330965, 5299330964, 5299330963, 5299330962, 5299330961, 5299330960, 5299330959, 5299330958, 5299330965)",,educational_institution
166,551627647,"{'addr:city': 'Cihapit, Bandung Wetan, Bandung, Jawa Barat', 'addr:postcode': '40114', 'addr:street': 'Jalan Salam', 'addr:unit': '19', 'building': 'yes', 'building:levels': '2', 'name': 'Ausland Study Center', 'name:en': 'Ausland', 'office': 'educational_institution'}","(5327163634, 5327163635, 5327163636, 5327163637, 5327163634)",,educational_institution
167,552719315,"{'name': 'SD Lubuk Kebur', 'office': 'educational_institution'}","(5336091361, 5336091360, 5336091359, 5336091358, 5336091357, 5336091356, 5336091361)",,educational_institution
168,560937991,"{'addr:city': 'Semarang', 'addr:full': 'Jalan DR Wahidin', 'name': 'Lembaga Pendidilan dan Pelatihan ""HIKARI - NBP""', 'office': 'educational_institution', 'source': 'HOT_InAWARESurvey_2018'}","(5409341073, 5409341072, 5409341069, 5409341067, 5409341065, 5409341064, 5409341063, 5409341061, 5409341057, 5409341073)",,educational_institution
169,563365032,"{'building': 'yes', 'office': 'educational_institution'}","(5429081700, 5429081701, 5429081702, 5429081703, 5429081700)",,educational_institution
170,563365034,"{'building': 'yes', 'office': 'educational_institution'}","(5429081706, 5429081707, 5429081708, 5429081709, 5429081706)",,educational_institution
171,575262948,"{'addr:city': 'Gulurejo', 'addr:street': 'Jalan Wonolopo', 'building': 'yes', 'name': 'Pos PAUD Parikesit', 'office': 'educational_institution'}","(5520403679, 5520403680, 5520403681, 5520403682, 5520403679)",,educational_institution
172,575783892,"{'addr:city': 'Pangkalpinang', 'addr:postcode': '33125', 'addr:street': 'Jl. Sumedang', 'building': 'yes', 'name': 'Penerbit Airlangga Perwakilan Babel', 'office': 'educational_institution'}","(5524156387, 5524156388, 5524156389, 5524157642, 5524156387)",,educational_institution
173,580913455,"{'name': 'Yayasan Bina Darma', 'office': 'educational_institution'}","(5559595467, 5559595468, 5559595469, 5559595470, 5559595471, 5559595472, 5559595473, 5559595474, 5559595475, 5559595476, 5559595467)",,educational_institution
174,581803573,"{'addr:street': 'Jalan Brosot-Ngentakrejo', 'building': 'school', 'building:levels': '1', 'description': 'Gedung 2', 'name': 'SD N Mendiro', 'office': 'educational_institution'}","(5565944461, 5565944460, 5565944459, 5565944458, 5565944461)",,educational_institution
175,581803584,"{'addr:street': 'Jalan Brosot-Ngentakrejo', 'building': 'school', 'building:levels': '1', 'description': 'Gedung 1', 'name': 'SD N Mendiro', 'office': 'educational_institution'}","(5520433949, 5565944507, 5565944506, 5565944505, 5565944504, 5565944503, 5520433949)",,educational_institution
176,587456472,"{'building': 'yes', 'name': 'Fakultas MIPA', 'office': 'educational_institution'}","(5611380479, 5611380476, 5611380477, 5611380478, 5611380479)",,educational_institution
177,588544411,"{'name': 'Balai diklat PU wilayah 3 yogyakarta', 'office': 'educational_institution'}","(5621212039, 5621212040, 5621212037, 5621212038, 5621212036, 5621212041, 5621212039)",,educational_institution
178,591289180,"{'building': 'yes', 'name': 'Fakultas Teknologi Pertanian', 'office': 'educational_institution'}","(5644909330, 5644909329, 5644909328, 5644909327, 5644909326, 5644909325, 5644909330)",,educational_institution
179,609734074,"{'building': 'yes', 'name': 'TPA', 'office': 'educational_institution'}","(5775055609, 5775055610, 5775055611, 5775055612, 5775055609)",,educational_institution
180,610364728,"{'addr:city': 'Yogyakarta', 'addr:housenumber': '96', 'addr:street': 'Jalan Taman Siswa', 'building': 'yes', 'name': 'Lembaga Bimbingan Belajar Neutron', 'office': 'educational_institution'}","(5780684656, 5780684653, 5780684654, 5780684655, 5780684656)",,educational_institution
181,611463688,"{'building': 'yes', 'name': 'Kantor Perguruan Panglima Polem Rantauprapat', 'office': 'educational_institution'}","(5789094280, 5789094279, 5789094278, 5789094277, 5789094276, 5789094280)",,educational_institution
182,613644464,"{'amenity': 'prep_school', 'building': 'yes', 'office': 'educational_institution'}","(5805902341, 5805902338, 5805902339, 5805902340, 5805902341)",prep_school,educational_institution
183,625518796,"{'addr:city': 'Salatiga', 'addr:housenumber': 'PR 8', 'addr:postcode': '50711', 'addr:street': 'Jalan Kartini', 'building': 'yes', 'building:colour': 'yellow', 'building:material': 'concrete', 'building:use': 'education', 'name': 'Ganesha Operation', 'office': 'educational_institution', 'roof:shape': 'flat'}","(5905903284, 5905903269, 5905904989, 5905903279, 5905904991, 5905904985, 5905903284)",,educational_institution
184,633376515,"{'building': 'yes', 'name': 'SD N 001 dan SD N 004 Sei Beduk', 'office': 'educational_institution'}","(5978843270, 5978843271, 5978843272, 5978843273, 5978843270)",,educational_institution
185,634062329,"{'addr:city': 'Kota Batam', 'addr:street': 'Jalan S. Parman', 'building': 'yes', 'name': 'SDN 008 Sei Beduk', 'office': 'educational_institution'}","(5984508662, 5984508663, 5984508664, 5984508665, 5984508662)",,educational_institution
186,634062330,"{'addr:city': 'Kota Batam', 'addr:street': 'Jalan S. Parman', 'building': 'yes', 'name': 'SMPN 40 Batam', 'office': 'educational_institution'}","(5984508666, 5984508667, 5984508668, 5984508669, 5984508666)",,educational_institution
187,634062331,"{'addr:city': 'Kota Batam', 'addr:street': 'Jalan S. Parman', 'building': 'yes', 'name': 'Tk Siti Khodijah', 'office': 'educational_institution'}","(5984508670, 5984508671, 5984508672, 5984508673, 5984508670)",,educational_institution
188,643915285,"{'addr:full': 'Jalan DI. Panjaitan', 'building': 'yes', 'building:levels': '2', 'name': 'English Learning Center', 'office': 'educational_institution'}","(6058483269, 6058483268, 6058483267, 6058483266, 6058483269)",,educational_institution
189,650635010,"{'building': 'yes', 'name': 'Royal Education', 'office': 'educational_institution'}","(6103154128, 6103154127, 6103154126, 6103154125, 6103154128)",,educational_institution
190,700255052,"{'building': 'yes', 'name': 'Gedung PKM', 'office': 'educational_institution'}","(6575905778, 6575905779, 6575905780, 6575905781, 6575905778)",,educational_institution
191,703123307,"{'amenity': 'kindergarten', 'name': 'TK Melati', 'office': 'educational_institution'}","(6603123160, 6603123161, 6603123162, 6603123163, 6603123160)",kindergarten,educational_institution
192,708514616,"{'building': 'yes', 'office': 'educational_institution'}","(6657798622, 6657798623, 6657798624, 6657798625, 6657798622)",,educational_institution
193,708514617,"{'building': 'yes', 'office': 'educational_institution'}","(6657798626, 6657798627, 6657798628, 6657798634, 6657798629, 6657798635, 6657798626)",,educational_institution
194,718156943,"{'name': 'HEC 1 Pare', 'office': 'educational_institution'}","(6744314277, 6744314282, 6744314279, 6744314280, 6744314277)",,educational_institution
195,718156944,{'office': 'educational_institution'},"(6744314283, 6744314284, 6744324885, 6744324886, 6744314283)",,educational_institution
196,720898006,"{'building': 'yes', 'name': 'Lembaga Tahfidz Quran (LTQ) Iqro', 'office': 'educational_institution', 'religion': 'muslim', 'website': 'http://ltq-iqro.com/'}","(6763983806, 6763983807, 6763983808, 6763983809, 6763983806)",,educational_institution
197,733185554,"{'addr:city': 'Batam', 'addr:postcode': '29437', 'addr:street': 'Jl. S.Parman', 'building': 'yes', 'name': 'Yayasan Ummul Qurro', 'office': 'educational_institution'}","(6865922037, 6865922038, 6865922039, 6865922040, 6865922041, 6865922042, 6865922037)",,educational_institution
198,733191126,"{'building': 'yes', 'name': 'Yayasan Pendidikan At-Thoriq', 'office': 'educational_institution'}","(6865967038, 6865967039, 6865967040, 6865967041, 6865967038)",,educational_institution
199,735016949,"{'building': 'yes', 'name': 'Bimbingan Belajar', 'office': 'educational_institution'}","(6883829845, 6883829846, 6883829847, 6883829848, 6883829845)",,educational_institution
200,756444716,"{'building': 'yes', 'name': 'Gedung E', 'office': 'educational_institution'}","(7065481428, 7065481429, 7065481430, 7065481431, 7065481428)",,educational_institution
201,756444717,"{'building': 'yes', 'name': 'Gedung F', 'office': 'educational_institution'}","(7065481432, 7065481433, 7065481434, 7065481435, 7065481432)",,educational_institution
202,771567156,"{'building': 'yes', 'name': 'MIN Pengging', 'office': 'educational_institution'}","(7202791659, 7202791660, 7202791661, 7202791662, 7202791663, 7202791664, 7202791665, 7202791666, 7202791659)",,educational_institution
203,795304483,"{'addr:city': 'Banjar', 'addr:postcode': '46311', 'addr:street': 'Jalan Kapten Jamhur', 'building': 'yes', 'name': 'Ganesha Operation', 'office': 'educational_institution'}","(7438620876, 7438620873, 7438620874, 7438620875, 7438620876)",,educational_institution
204,795304485,"{'addr:city': 'Banjar', 'addr:postcode': '46311', 'addr:street': 'Jalan Kapten Jamhur', 'building': 'yes', 'name': 'Ganesha Operation', 'office': 'educational_institution'}","(7438620884, 7438620883, 7438620882, 7438620881, 7438620884)",,educational_institution
205,797060960,"{'amenity': 'prep_school', 'building': 'yes', 'name': 'evergreen english course', 'office': 'educational_institution'}","(7454501481, 7454501480, 7454501479, 7454501478, 7454501481)",prep_school,educational_institution
206,6345513,"{'name': 'Balai Pelatihan Kesehatan', 'type': 'multipolygon', 'office': 'educational_institution', 'building': 'office', 'addr:full': 'Jalan Dr. Kayadoe', 'access:roof': 'no', 'water_source': 'powered_pump', 'building:roof': 'tin', 'building:walls': 'brick', 'toilets:number': '20', 'building:levels': '3', 'evacuation_center': 'yes', 'toilet:facilities': 'yes', 'building:structure': 'reinforced_masonry', 'kitchen:facilities': 'yes'}","[(426505912, 'WAY', 'outer'), (426694792, 'WAY', 'inner')]",,educational_institution
